,overhead,scientific_score,expected_quality,scheduled_rate_in_request,scheduled_rate_in_time,cloud,ratio_to_best_airmass,airmass
priority,0.17636320433330677,43.0,0.7049976931875377,0.11,0.06818181818181818,0.38963819730919674,0.23172846609739253,1.946078487635023
sequential,0.11300652774356112,12.0,0.37641423222653236,0.08,0.07342657342657342,0.24348418046138776,0.20660161138638175,1.3987901552954338
